Best Score,Worst Score,Best Improvement,Average Improvement,Iterations,Time (s),Convergence Rate,Relative Error,Convergence Speed (Stable Iterations)
3565371732464874.5,1.1908860074252096e+17,-2.7552391194763346e+19,-2.7552391194763347e+17,100,221.43136358261108,-2.7415261898034237e+17,1.0,100
