Best Score,Worst Score,Best Improvement,Average Improvement,Iterations,Time (s),Convergence Rate,Relative Error,Convergence Speed (Stable Iterations)
3004973944818208.0,2.068509600824279e+17,-2.937916306714345e+19,-2.937916306714345e+17,100,109.74896621704102,-3.0236971459923174e+17,1.0,100
