Best Score,Worst Score,Best Improvement,Average Improvement,Iterations,Time (s),Convergence Rate,Relative Error,Convergence Speed (Stable Iterations)
2.12979073671258e+19,-5.602229999505449e+17,-2.380646311590906e+19,-2.380646311590906e+18,10,14.610348224639893,-2.1597091032657434e+18,1.0,0
